{"cameraMode":{"drawMode":0,"name":"Shaded","section":"Shading Mode"},"sceneLighting":true,"audioPlay":false,"sceneViewState":{"m_AlwaysRefresh":false,"showFog":true,"showSkybox":true,"showFlares":true,"showImageEffects":true,"showParticleSystems":true,"showVisualEffectGraphs":true,"m_FxEnabled":true},"in2DMode":false,"pivot":{"x":0.5269815921783447,"y":0.3545799255371094,"z":-0.5650844573974609},"rotation":{"x":-0.06356946378946305,"y":0.9348419308662415,"z":-0.21722088754177094,"w":-0.2735802233219147},"size":3.4641876220703127,"orthographic":false}